{
  "api": {
    "bookstorev2": {
      "dependsOn": [
        {
          "attributes": [
            "UserPoolId"
          ],
          "category": "auth",
          "resourceName": "bookstorev2342bd76d"
        }
      ],
      "output": {
        "authConfig": {
          "additionalAuthenticationProviders": [
            {
              "apiKeyConfig": {
                "apiKeyExpirationDate": "2024-04-01T03:39:37.543Z",
                "apiKeyExpirationDays": 365,
                "description": "Guest user access tp books"
              },
              "authenticationType": "API_KEY"
            }
          ],
          "defaultAuthentication": {
            "authenticationType": "AMAZON_COGNITO_USER_POOLS",
            "userPoolConfig": {
              "userPoolId": "authbookstorev2342bd76d"
            }
          }
        }
      },
      "providerPlugin": "awscloudformation",
      "service": "AppSync"
    }
  },
  "auth": {
    "bookstorev2342bd76d": {
      "customAuth": false,
      "dependsOn": [],
      "frontendAuthConfig": {
        "mfaConfiguration": "OFF",
        "mfaTypes": [
          "SMS"
        ],
        "passwordProtectionSettings": {
          "passwordPolicyCharacters": [],
          "passwordPolicyMinLength": 8
        },
        "signupAttributes": [
          "EMAIL"
        ],
        "socialProviders": [],
        "usernameAttributes": [],
        "verificationMechanisms": [
          "EMAIL"
        ]
      },
      "providerPlugin": "awscloudformation",
      "service": "Cognito"
    }
  },
  "function": {
    "createOrder": {
      "build": true,
      "providerPlugin": "awscloudformation",
      "service": "Lambda"
    },
    "processPayment": {
      "build": true,
      "providerPlugin": "awscloudformation",
      "service": "Lambda"
    }
  },
  "hosting": {
    "S3AndCloudFront": {
      "providerPlugin": "awscloudformation",
      "service": "S3AndCloudFront"
    }
  },
  "parameters": {
    "AMPLIFY_function_createOrder_deploymentBucketName": {
      "usedBy": [
        {
          "category": "function",
          "resourceName": "createOrder"
        }
      ]
    },
    "AMPLIFY_function_createOrder_s3Key": {
      "usedBy": [
        {
          "category": "function",
          "resourceName": "createOrder"
        }
      ]
    },
    "AMPLIFY_function_processPayment_deploymentBucketName": {
      "usedBy": [
        {
          "category": "function",
          "resourceName": "processPayment"
        }
      ]
    },
    "AMPLIFY_function_processPayment_s3Key": {
      "usedBy": [
        {
          "category": "function",
          "resourceName": "processPayment"
        }
      ]
    }
  },
  "storage": {
    "bookImages": {
      "dependsOn": [],
      "providerPlugin": "awscloudformation",
      "service": "S3"
    }
  }
}